{
  "coefficients": [
    -31.327919813327146,
    71.48375644764879,
    -45.46999784067825,
    10.035683952565286,
    -0.2873877156557005
  ],
  "num_steps": 50,
  "num_runs": 10,
  "target_skip": 0.5,
  "threshold": 0.25,
  "target_rescaled": 0.125,
  "model": "dit"
}