{
  "coefficients": [
    9.92288181365996,
    -4.014779930678761,
    -7.834324148086396,
    5.2007970469175735,
    -0.4179835860034784
  ],
  "num_steps": 20,
  "num_runs": 3,
  "target_skip": 0.5,
  "threshold": 0.25,
  "target_rescaled": 0.125,
  "model": "dit"
}